Mission,Rank,Total Score,Clear Time,Enemy Score,Egg Score,Combo Bonus,Mission Bonus,Defeated,Hatched,Driver,Dunk,Shoot,Tame,Hatch
Forest 1,S,6900,01:00.03,5700,200,1000,0,11,1,0,0,4,0,1
Forest 1,A,3400,01:02.24,2700,200,500,0,9,1,0,0,3,0,1
Forest 1,D,1100,01:20.28,900,200,0,0,9,1,0,0,0,0,1
Forest 1,C,1700,01:22.70,1500,200,0,0,12,1,0,0,1,0,1
Forest 1,S,6100,01:25.61,4900,200,1000,0,10,1,0,0,4,0,1
Forest 1,C,1700,01:26.35,1500,200,0,0,10,1,0,1,0,0,1
Forest 1,D,800,01:26.44,600,200,0,0,6,1,0,0,0,0,1
Forest 1,S,4200,01:29.36,3500,200,500,0,14,1,0,0,3,0,1
Forest 1,B,2500,01:39.21,2300,200,0,0,23,1,0,0,0,0,1
Forest 1,S,5300,01:49.23,4600,200,500,0,21,1,0,1,3,0,1
Forest 1,S,5600,01:50.46,5400,200,0,0,30,1,0,0,6,0,1
Forest 1,A,3900,01:51.64,3700,200,0,0,26,1,0,2,1,0,1
Forest 1,A,3700,01:57.90,3500,200,0,0,28,1,0,2,0,0,1
Forest 1,S,6000,01:59.98,5800,200,0,0,36,1,0,1,5,0,1
Forest 1,S,5300,02:06.03,5100,200,0,0,28,1,0,1,5,0,1
Forest 1,S,6600,02:08.60,6600,0,0,0,35,0,0,2,5,0,0
Forest 1,S,11100,02:10.12,9900,200,1000,0,37,1,0,5,4,0,1
Forest 1,S,7500,02:15.20,6800,200,500,0,37,1,0,1,6,0,1
Forest 1,S,9600,02:19.24,9100,0,500,0,37,0,0,5,2,0,0
Forest 1,S,7200,02:20.88,6500,200,500,0,36,1,0,0,7,0,1
Forest 1,S,6800,02:24.92,6400,400,0,0,37,2,0,4,1,0,2
Forest 1,S,6800,02:36.28,6200,600,0,0,37,3,0,4,0,0,3
Forest 1,S,10200,02:37.53,8600,600,1000,0,37,2,0,3,4,0,2
Forest 1,A,5300,02:42.46,,,,,,,,,,,
Forest 1,A,6800,02:55.21,6400,400,0,0,37,2,0,3,3,0,2
Forest 1,A,7200,03:05.61,6500,200,500,0,37,1,0,3,3,0,1
Forest 1,A,6600,03:06.94,5900,200,500,0,30,1,0,0,4,0,1
Forest 1,S,8100,03:28.08,6800,800,500,0,37,2,0,2,3,0,2
Forest 1,C,3900,03:38.59,3700,200,0,0,34,1,0,0,1,0,1
Forest 1,B,8300,04:48.44,7800,0,500,0,37,0,0,0,8,0,0
,,,,,,,,,,,,,,
Forest 2,B,1700,01:34.96,200,0,0,1500,2,0,0,0,0,0,0
Forest 2,S,3100,01:48.27,1600,0,0,1500,12,0,0,0,1,0,0
Forest 2,A,2500,01:48.41,1000,0,0,1500,10,0,0,0,0,0,0
Forest 2,S,4600,01:51.26,2600,0,500,1500,8,0,0,0,3,0,0
Forest 2,S,3400,01:55.85,1900,0,0,1500,10,0,0,0,2,0,0
Forest 2,?,3200,02:01.93,1600,100,0,1500,16,1,0,0,0,0,0
Forest 2,S,4600,02:01.95,2600,0,500,1500,8,0,0,0,3,0,0
Forest 2,S,5700,02:11.40,3800,400,0,1500,17,2,0,2,2,0,2
Forest 2,S,4100,02:12.01,2400,200,0,1500,21,1,0,1,0,0,1
Forest 2,S,4060,02:12.17,2600,0,500,1500,8,0,0,0,3,0,0
Forest 2,S,5700,02:12.28,3800,400,0,1500,21,2,0,2,1,0,2
Forest 2,S,5400,02:17.24,3500,400,0,1500,21,2,0,2,1,0,2
Forest 2,S,4300,02:18.04,2800,0,0,1500,21,0,0,1,1,0,0
Forest 2,S,4600,02:19.07,2700,400,0,1500,21,2,0,1,1,0,2
Forest 2,S,4300,02:19.21,2600,200,0,1500,1,1,0,1,1,0,1
Forest 2,S,3800,02:23.48,1900,400,0,1500,19,2,0,0,0,0,2
Forest 2,S,6300,02:23.80,4400,400,0,1500,21,2,0,2,2,0,2
Forest 2,S,4600,02:24.67,2600,0,500,1500,8,0,0,0,3,0,0
Forest 2,S,4700,02:27.61,3000,200,0,1500,18,1,0,1,2,0,1
Forest 2,S,5100,02:29.50,3200,400,0,1500,21,2,0,1,1,0,2
Forest 2,S,3900,02:35.50,2400,0,0,1500,21,0,0,0,1,0,0
Forest 2,S,4600,02:36.08,2600,0,500,1500,8,0,0,0,3,0,0
Forest 2,S,4900,02:38.38,3000,400,0,1500,21,2,0,2,1,0,2
Forest 2,S,5300,02:47.15,3400,400,0,1500,21,2,0,2,0,0,2
Forest 2,S,4600,02:52.75,2600,0,500,1500,8,0,0,0,3,0,0
Forest 2,S,7000,03:05.80,5200,300,0,1500,32,2,0,3,1,0,1
Forest 2,S,7000,03:08.64,5200,300,0,1500,32,2,0,3,1,0,1
Forest 2,S,6300,03:25.42,4300,500,0,1500,24,3,0,2,1,0,2
Forest 2,S,7000,04:05.28,5200,300,0,1500,32,2,0,3,2,0,1
Forest 2,B,3800,05:33.40,2100,200,0,1500,21,1,0,0,0,0,1
,,,,,,,,,,,,,,
Forest 3,S,8600,01:38.96,8600,0,0,0,42,0,0,0,7,0,0
Forest 3,S,6600,01:48.76,6400,200,0,0,46,1,0,4,0,0,1
Forest 3,S,7500,01:58.54,7500,0,0,0,43,0,0,2,5,0,0
Forest 3,S,7600,02:05.66,7100,0,500,0,44,0,0,0,7,0,0
Forest 3,S,9100,02:13.04,8300,300,500,0,38,2,0,1,3,0,1
Forest 3,S,14300,02:21.76,12000,800,1500,0,41,3,0,0,9,1,3
Forest 3,S,6100,02:23.08,5800,300,0,0,33,2,0,1,4,0,1
Forest 3,S,10300,02:29.69,8400,1400,500,0,46,4,0,2,2,1,4
Forest 3,S,10300,02:29.69,8400,1400,500,0,46,4,0,2,2,1,4
Forest 3,S,6000,02:38.51,5600,400,0,0,34,3,0,0,4,0,1
Forest 3,C,2000,02:39.13,1600,400,0,0,16,2,0,0,0,0,2
Forest 3,S,6300,02:40.94,5900,400,0,0,36,2,0,3,2,0,2
Forest 3,S,11800,02:44.24,9600,1200,1000,0,41,4,0,3,4,0,4
Forest 3,S,11800,02:44.24,9600,1200,1000,0,41,4,0,3,4,0,4
Forest 3,S,7000,02:45.00,6500,500,0,0,43,3,0,2,1,0,2
Forest 3,S,8400,02:47.85,8000,400,0,0,46,2,1,3,2,0,2
Forest 3,S,6100,03:00.57,5800,300,0,0,33,2,0,1,4,0,1
Forest 3,A,6100,03:08.01,5800,300,0,0,33,2,0,1,4,0,1
Forest 3,A,5700,03:16.41,5500,200,0,0,33,2,0,2,4,0,0
Forest 3,S,9800,03:18.32,9100,700,0,0,46,4,0,2,6,0,3
Forest 3,S,9800,03:18.32,9100,700,0,0,46,4,0,2,6,0,3
Forest 3,A,5800,03:18.84,4900,900,0,0,46,5,0,1,0,0,4
,,,,,,,,,,,,,,
Forest 4,S,10800,02:05.31,1200,0,0,9600,12,0,0,0,0,0,0
Forest 4,C,6600,02:05.39,600,0,0,6000,6,0,0,0,0,0,0
Forest 4,S,11100,02:06.38,1900,0,0,9200,19,0,0,0,0,0,0
Forest 4,S,10600,02:06.41,2600,0,0,8000,24,0,0,0,1,0,0
Forest 4,S,10300,02:07.29,2100,0,0,8200,17,0,0,0,2,0,0
Forest 4,A,8300,02:07.53,1100,0,0,7200,7,0,0,0,1,0,0
Forest 4,S,10700,02:07.58,3300,0,0,7400,21,0,0,0,4,0,0
Forest 4,S,10700,02:07.76,2500,0,0,8200,13,0,0,0,2,0,0
Forest 4,S,11700,02:10.01,2500,0,0,9200,21,0,0,0,2,0,0
Forest 4,S,9200,02:10.70,1200,0,0,8000,8,0,0,0,1,0,0
Forest 4,S,12000,02:11.68,3400,0,0,8600,26,0,0,1,2,0,0
Forest 4,S,11600,02:12.33,4400,0,0,7200,27,0,0,1,3,0,0
Forest 4,S,10000,02:12.70,2400,0,0,7600,22,0,0,0,1,0,0
Forest 4,S,11000,02:13.13,3000,0,0,8000,24,0,0,0,2,0,0
Forest 4,A,8400,02:13.58,400,0,0,8000,4,0,0,0,0,0,0
,,,,,,,,,,,,,,
Forest 5,S,5400,01:48.78,4800,600,0,0,32,2,0,0,1,1,2
Forest 5,A,4400,01:49.80,4000,400,0,0,32,2,0,0,0,1,2
Forest 5,S,4500,01:51.50,4100,400,0,0,32,2,0,0,0,1,2
Forest 5,B,3500,02:01.56,3200,300,0,0,22,2,0,0,0,1,1
Forest 5,B,3400,02:02.92,3100,300,0,0,22,2,0,0,0,1,1
Forest 5,S,9000,02:05.39,7000,1000,1000,0,32,2,0,0,3,2,2
Forest 5,S,9700,02:09.96,7000,1200,1500,0,32,2,0,0,4,1,2
Forest 5,S,5500,02:15.04,5100,400,0,0,51,2,0,0,0,0,2
Forest 5,A,4400,02:20.51,4000,400,0,0,32,2,0,0,0,1,2
Forest 5,S,5300,02:20.57,4700,600,0,0,32,2,0,0,1,1,2
Forest 5,A,5300,02:21.79,4700,600,0,0,32,2,0,0,1,1,2
Forest 5,S,7400,02:22.92,7000,400,0,0,44,2,0,0,4,2,2
Forest 5,S,5400,02:23.63,5000,400,0,0,32,2,0,0,0,2,2
Forest 5,A,5400,02:24.56,5000,400,0,0,32,2,0,0,0,2,2
Forest 5,S,6700,02:27.10,6300,400,0,0,39,2,0,1,3,1,2
Forest 5,S,22600,02:37.23,19700,400,2500,0,56,2,0,0,7,2,2
Forest 5,S,11600,02:40.94,10700,400,500,0,55,2,0,0,5,1,2
Forest 5,S,20500,02:43.63,17000,1000,2500,0,57,2,0,0,8,1,2
Forest 5,S,10100,02:45.26,8700,400,1000,0,45,2,0,0,5,0,2
Forest 5,S,21100,02:52.49,18900,700,1500,0,68,4,0,1,8,2,3
Forest 5,B,5300,03:03.50,,,,,,,,,,,
Forest 5,S,30800,03:19.90,27200,600,3000,0,67,2,0,0,11,1,2
Forest 5,S,27300,04:18.08,24800,500,2000,0,90,3,0,1,10,1,2
,,,,,,,,,,,,,,
Forest 6,?,200,01:08.65,200,0,0,0,2,0,0,0,0,0,0
Forest 6,D,1900,01:50.52,1700,200,0,0,17,1,0,0,0,0,1
Forest 6,S,13100,01:52.70,12100,0,1000,0,43,0,0,1,6,0,0
Forest 6,S,8400,02:04.40,8400,0,0,0,67,0,0,3,2,0,0
Forest 6,A,5500,02:06.67,,,,,,,,,,,
Forest 6,S,8200,02:08.76,7500,200,500,0,36,1,0,1,6,0,1
Forest 6,S,6700,02:23.90,6500,200,0,0,43,1,0,0,4,0,1
Forest 6,B,4900,02:40.25,4700,200,0,0,31,1,0,0,4,0,1
Forest 6,S,7500,02:47.29,7500,0,0,0,60,0,0,0,4,0,0
Forest 6,S,8400,03:00.70,8100,300,0,0,67,2,0,2,2,0,1
Forest 6,S,8600,03:01.92,7700,400,500,0,52,2,0,1,4,0,2
Forest 6,S,12000,03:08.44,10800,200,1000,0,48,1,0,0,7,0,1
Forest 6,S,9300,03:10.11,8600,200,500,0,41,1,0,1,8,0,1
Forest 6,S,13000,03:10.72,11300,200,1500,0,47,1,0,1,9,0,1
Forest 6,S,26300,03:15.55,23000,300,3000,0,55,2,0,0,9,0,1
Forest 6,B,3800,03:18.00,3800,0,0,0,18,0,0,0,2,0,0
Forest 6,S,9300,03:28.43,9100,200,0,0,75,1,0,3,0,0,1
Forest 6,S,14300,03:30.51,12900,400,1000,0,73,2,0,3,5,0,2
Forest 6,S,27800,03:46.14,24000,300,3500,0,77,2,0,0,15,0,1
Forest 6,S,21100,03:48.91,18700,400,2000,0,85,2,0,0,13,0,2
Forest 6,S,24700,03:57.05,22500,700,1500,0,76,3,0,4,9,0,2
Forest 6,S,13100,03:58.44,12700,400,0,0,81,2,0,0,4,0,2
Forest 6,S,18100,06:18.70,16100,0,2000,0,52,0,0,1,10,0,0
,,,,,,,,,,,,,,
Forest 7,C,1700,02:57.64,1500,200,0,0,15,1,0,0,0,0,1
Forest 7,C,2600,03:08.43,2400,200,0,0,17,1,0,1,1,0,1
Forest 7,C,1700,03:21.10,1500,200,0,0,15,1,0,0,0,0,1
Forest 7,S,6400,04:25.00,5800,600,0,0,40,2,0,1,2,1,2
Forest 7,S,7000,04:26.60,6400,600,0,0,45,2,0,4,1,0,2
Forest 7,S,9200,04:34.04,8400,800,0,0,47,3,1,1,5,0,3
Forest 7,S,5300,05:05.34,4700,600,0,0,41,3,0,1,1,0,3
Forest 7,S,8500,05:57.02,8000,500,0,0,58,3,0,1,2,1,2
Forest 7,S,11500,06:49.05,10400,600,500,0,58,3,0,1,7,0,3
Forest 7,S,7200,06:59.76,6300,900,0,0,45,5,1,1,2,0,4
Forest 7,S,8700,07:14.94,7900,800,0,0,53,4,0,1,4,1,4
Forest 7,S,7600,07:21.32,7000,600,0,0,52,3,0,3,0,0,3
Forest 7,S,6300,07:32.03,5700,600,0,0,44,3,0,1,2,1,3
Forest 7,S,9200,08:04.97,8200,1000,0,0,58,5,0,1,4,0,5
Forest 7,S,12900,09:27.07,11300,600,1000,0,57,3,0,0,8,1,3
Forest 7,S,9200,09:27.45,8000,1200,0,0,58,6,0,0,4,1,6
,,,,,,,,,,,,,,
Forest 8,S,11800,01:52.68,11400,400,0,0,100,2,0,2,1,0,2
Forest 8,S,12900,02:46.68,12500,400,0,0,101,2,0,3,3,0,2
Forest 8,S,21200,03:11.07,18600,1100,1500,0,101,3,0,4,8,0,2
Forest 8,S,17900,03:12.70,17000,900,0,0,100,3,0,3,9,0,2
Forest 8,S,17200,03:20.56,16500,200,500,0,100,1,0,3,6,0,1
Forest 8,S,14200,03:24.92,13400,800,0,0,101,3,0,3,4,0,3
Forest 8,S,26900,03:51.21,21800,600,1500,0,101,3,0,5,10,0,3
Forest 8,S,23500,04:13.37,21500,500,1500,0,100,3,0,1,10,0,2
Forest 8,S,22300,04:19.05,19100,1200,2000,0,100,2,0,4,6,0,2
Forest 8,S,21500,04:27.88,19800,700,1000,0,100,4,0,2,10,1,3
Forest 8,S,17100,04:35.58,16600,500,0,0,109,3,0,2,10,1,2
Forest 8,S,20200,04:47.15,19500,200,500,0,102,1,0,2,13,0,1
Forest 8,S,15900,04:50.80,15900,0,0,0,101,0,0,4,8,0,0
Forest 8,S,14000,05:00.12,13600,400,0,0,124,2,0,3,0,0,2
,,,,,,,,,,,,,,
Pirate 1,S,2000,00:58.08,2000,0,0,0,17,0,0,0,1,0,0
Pirate 1,S,2300,01:04.12,2300,0,0,0,16,0,0,1,2,0,0
Pirate 1,S,3100,01:06.72,3100,0,0,0,15,0,0,0,3,0,0
Pirate 1,S,4800,01:13.39,4100,200,500,0,17,1,0,0,3,0,1
Pirate 1,S,3300,01:30.62,3300,0,0,0,23,0,0,0,3,0,0
Pirate 1,S,3400,01:32.67,3400,0,0,0,17,0,0,2,0,0,0
Pirate 1,S,2900,01:32.72,2900,0,0,0,23,0,0,0,2,0,0
Pirate 1,S,3800,01:35.60,3800,0,0,0,23,0,0,0,3,0,0
Pirate 1,S,3300,01:35.93,3300,0,0,0,22,0,0,0,2,0,0
Pirate 1,S,3500,01:36.46,3500,0,0,0,23,0,0,0,3,0,0
Pirate 1,S,5900,01:39.21,4900,0,1000,0,17,0,0,0,4,0,0
Pirate 1,B,1500,01:42.19,1500,0,0,0,15,0,0,0,0,0,0
Pirate 1,S,2800,01:44.70,2800,0,0,0,16,0,0,0,2,0,0
Pirate 1,S,6900,01:55.31,5700,200,1000,0,14,1,0,1,4,0,1
Pirate 1,S,3300,01:58.30,3300,0,0,0,22,0,0,1,2,0,0
Pirate 1,S,5200,02:01.92,4500,200,500,0,13,1,0,1,3,0,1
Pirate 1,A,2500,02:05.34,2500,0,0,0,19,0,0,0,2,0,0
Pirate 1,S,2800,02:05.69,2800,0,0,0,16,0,0,0,2,0,0
Pirate 1,A,2800,02:06.65,2800,0,0,0,16,0,0,0,2,0,0
Pirate 1,A,2500,02:09.53,2300,200,0,0,18,1,0,1,1,0,1
Pirate 1,A,2800,02:30.40,2800,0,0,0,13,0,0,0,2,0,0
,,,,,,,,,,,,,,
Pirate 2,B,1600,01:26.32,100,0,0,1500,1,0,0,0,0,0,0
Pirate 2,A,2700,01:35.98,,,,,,,,,,,
Pirate 2,S,3500,01:46.84,2000,0,0,1500,14,0,0,0,2,0,0
Pirate 2,S,3700,02:14.08,1800,400,0,1500,14,2,0,1,0,0,2
Pirate 2,A,1800,02:19.92,300,0,0,1500,3,0,0,0,0,0,0
Pirate 2,B,2200,02:56.00,700,0,0,1500,7,0,0,0,0,0,0
Pirate 2,S,6800,03:25.76,4500,800,0,1500,33,3,0,2,1,0,3
Pirate 2,S,7100,03:44.32,5200,400,0,1500,42,2,0,1,3,0,2
Pirate 2,S,7700,03:46.19,5600,600,0,1500,42,3,0,0,4,0,3
Pirate 2,S,7100,03:54.72,4900,700,0,1500,33,4,0,2,3,0,3
Pirate 2,S,5900,03:58.94,5900,700,0,1500,36,4,0,1,3,2,3
Pirate 2,S,6900,04:11.88,4800,600,0,1500,37,3,0,3,0,0,3
Pirate 2,B,3400,04:13.72,1700,200,0,1500,15,1,0,0,1,0,1
Pirate 2,A,5400,04:24.36,3100,800,0,1500,21,4,0,2,1,0,4
Pirate 2,S,7700,04:28.86,5200,1000,0,1500,35,6,0,1,2,0,4
Pirate 2,S,6600,04:34.09,4300,800,0,1500,35,4,0,0,3,0,4
Pirate 2,S,6400,04:38.43,4300,600,0,1500,37,3,0,1,1,0,3
Pirate 2,D,2000,06:26.56,500,0,0,1500,5,0,0,0,0,0,0
,,,,,,,,,,,,,,
Pirate 3,S,7800,00:55.55,0,0,0,7800,0,0,0,0,0,0,0
Pirate 3,S,9000,01:00.27,0,0,0,9000,0,0,0,0,0,0,0
Pirate 3,S,9000,1:04.16,0,0,0,9000,0,0,0,0,0,0,0
Pirate 3,S,10500,01:04.48,0,0,0,10500,0,0,0,0,0,0,0
Pirate 3,S,9600,01:06.80,0,0,0,9600,0,0,0,0,0,0,0
Pirate 3,S,8700,01:06.94,0,0,0,8700,0,0,0,0,0,0,0
Pirate 3,S,6300,01:13.98,0,0,0,6300,0,0,0,0,0,0,0
Pirate 3,S,9300,01:14.48,0,0,0,9300,0,0,0,0,0,0,0
Pirate 3,S,7800,01:21.29,0,0,0,7800,0,0,0,0,0,0,0
Pirate 3,S,8100,01:23.68,0,0,0,8100,0,0,0,0,0,0,0
Pirate 3,S,7800,01:36.83,0,0,0,7800,0,0,0,0,0,0,0
,,,,,,,,,,,,,,
Pirate 4,B,2700,00:53.55,,,,,,,,,,,
Pirate 4,S,5300,01:46.92,4900,400,0,0,30,1,0,3,2,0,1
Pirate 4,S,6300,01:50.94,5600,200,500,0,28,1,1,1,4,0,1
Pirate 4,S,4800,01:51.32,4600,200,0,0,31,1,0,2,2,0,1
Pirate 4,S,4500,01:54.49,4500,0,0,0,33,0,0,3,0,0,0
Pirate 4,S,5300,01:54.60,5100,200,0,0,32,1,0,1,4,0,1
Pirate 4,A,3400,02:00.28,,,,,,,,,,,
Pirate 4,S,5100,02:05.64,4900,200,0,0,35,1,1,1,2,0,1
Pirate 4,S,5000,02:07.29,5000,0,0,0,44,0,0,0,2,0,0
Pirate 4,S,6500,02:08.48,6400,100,0,0,44,1,0,3,2,0,0
Pirate 4,S,5100,02:12.80,5000,100,0,0,42,1,0,2,0,0,0
Pirate 4,A,3800,02:26.78,3700,100,0,0,37,1,0,0,0,0,0
Pirate 4,S,7100,02:37.50,6100,500,500,0,35,2,0,2,4,0,1
Pirate 4,S,6400,02:45.45,6400,0,0,0,43,0,0,1,3,0,0
Pirate 4,S,7400,02:55.39,7100,300,0,0,45,2,0,2,2,0,1
Pirate 4,A,4300,03:10.20,4200,100,0,0,36,1,0,0,2,0,0
Pirate 4,S,8800,03:22.44,7700,600,500,0,41,3,0,3,4,0,3
Pirate 4,A,5900,04:16.70,5700,200,0,0,42,2,0,2,2,0,0
,,,,,,,,,,,,,,
Pirate 5,S,3000,01:00.30,3000,0,0,0,18,0,0,1,2,0,0
Pirate 5,A,2600,01:05.24,2600,0,0,0,16,0,0,0,3,0,0
Pirate 5,B,1500,01:21.40,,,,,,,,,,,
Pirate 5,S,4100,01:32.59,4100,4000,100,0,0,29,1,0,3,0,0
Pirate 5,A,2100,01:35.84,2100,0,0,0,15,0,0,1,1,0,0
Pirate 5,S,3100,01:53.39,2700,400,0,0,19,2,0,1,1,0,2
Pirate 5,S,3000,01:57.66,3000,0,0,0,30,0,0,0,0,0,0
Pirate 5,S,3000,02:04.36,3000,0,0,0,30,0,0,0,0,0,0
Pirate 5,S,2900,02:05.80,2800,100,0,0,24,1,0,0,1,0,0
Pirate 5,S,3400,02:06.22,3400,0,0,0,30,0,0,0,2,0,0
Pirate 5,B,1900,02:18.01,1600,300,0,0,12,2,0,0,1,0,1
Pirate 5,B,1900,02:19.00,,,,,,,,,,,
Pirate 5,S,5800,02:25.31,4800,1000,0,0,31,4,0,1,2,1,4
Pirate 5,S,3600,02:33.92,3400,200,0,0,28,1,0,0,2,0,1
Pirate 5,S,4300,02:39.96,4100,200,0,0,31,1,0,0,3,0,1
Pirate 5,S,4800,02:43.61,4100,700,0,0,31,4,0,2,0,1,3
Pirate 5,A,3300,03:02.33,3100,200,0,0,28,1,0,0,1,0,1
Pirate 5,S,5000,03:04.51,4700,300,0,0,28,2,0,3,1,0,1
Pirate 5,A,3400,03:15.48,,,,,,,,,,,
Pirate 5,A,3600,03:22.88,3000,600,0,0,30,4,0,0,0,0,2
Pirate 5,S,4600,03:41.52,3800,800,0,0,29,4,0,0,2,0,4
Pirate 5,S,6000,03:52.25,5400,600,0,0,33,4,0,2,2,0,2
Pirate 5,A,4800,04:23.36,4500,300,0,0,30,2,0,2,2,0,1
,,,,,,,,,,,,,,
Pirate 6,C,6800,02:12.88,6800,0,0,0,60,0,0,2,0,0,0
Pirate 6,S,18600,02:38.24,18100,0,500,0,109,0,0,9,2,0,0
Pirate 6,S,17400,02:56.56,16900,0,500,0,100,0,0,6,5,0,0
Pirate 6,A,8200,02:57.40,8200,0,0,0,59,0,0,4,0,0,0
Pirate 6,S,19100,02:59.50,18600,0,500,0,102,0,1,8,2,0,0
Pirate 6,S,13100,03:01.52,12800,300,0,0,100,2,0,5,1,0,1
Pirate 6,S,15500,03:20.33,15500,0,0,0,100,0,0,8,1,0,0
Pirate 6,S,17400,03:41.05,16600,300,500,0,100,2,0,7,3,0,1
Pirate 6,S,14300,04:02.24,13900,400,0,0,100,2,3,4,3,0,2
Pirate 6,S,17900,04:31.26,17300,600,0,0,100,2,1,8,1,0,2
Pirate 6,S,21300,05:03.40,20800,0,500,0,100,0,0,10,4,0,0
Pirate 6,S,15600,07:11.34,15300,300,0,0,102,2,2,4,2,0,1
Pirate 6,D,7800,09:30.22,7200,100,500,0,28,1,0,5,0,0,0
,,,,,,,,,,,,,,
Pirate 7,S,10000,02:06.67,1800,0,0,8200,14,0,0,1,0,0,0
Pirate 7,S,14200,02:08.01,4000,0,0,10200,20,0,0,1,4,0,0
Pirate 7,S,13400,02:08.43,1800,0,0,11600,15,0,0,0,1,0,0
Pirate 7,S,13600,02:09.12,3000,0,0,10600,22,0,0,2,0,0,0
Pirate 7,S,12700,02:09.16,2700,0,0,10000,18,0,0,1,2,0,0
Pirate 7,S,15300,02:09.44,3900,0,0,11400,28,0,0,2,1,0,0
Pirate 7,S,11800,02:10.17,1200,0,0,10600,8,0,0,0,2,0,0
Pirate 7,S,11900,02:10.49,2700,0,0,9200,25,0,0,0,1,0,0
Pirate 7,S,12100,02:13.52,900,0,0,11200,9,0,0,0,0,0,0
,,,,,,,,,,,,,,
Pirate 8,S,8500,03:37.85,8400,100,0,0,64,1,1,5,0,0,0
Pirate 8,S,8300,04:52.97,8300,0,0,0,83,0,0,0,0,0,0
Pirate 8,S,11200,05:36.76,10900,300,0,0,90,2,0,2,3,0,1
Pirate 8,S,8800,05:45.32,8300,500,0,0,73,3,0,1,3,0,2
Pirate 8,S,12200,05:58.27,11800,400,0,0,90,2,0,6,1,0,2
Pirate 8,S,8600,06:13.32,8600,0,0,0,70,0,0,0,5,0,0
Pirate 8,S,10800,06:19.34,10400,400,0,0,90,2,0,1,3,0,2
Pirate 8,S,12200,06:22.03,11200,1000,0,0,81,6,0,5,1,1,4
Pirate 8,S,12900,07:11.98,12100,800,0,0,88,4,0,4,1,2,4
Pirate 8,B,4400,08:34.16,4000,400,0,0,40,2,0,0,0,0,2
Pirate 8,S,9400,09:46.81,10500,600,0,0,78,4,0,6,2,0,2
Pirate 8,A,5700,10:28.99,5200,500,0,0,44,3,0,0,1,2,2
Pirate 8,S,8400,11:33.12,7800,600,0,0,52,2,0,3,5,0,2
Pirate 8,C,3400,11:40.40,3400,0,0,0,27,0,0,0,1,0,0
Pirate 8,C,4700,12:06.03,4700,0,0,0,37,0,0,1,1,0,0
Pirate 8,S,8600,12:55.07,8600,0,0,0,57,0,0,4,1,0,0
,,,,,,,,,,,,,,
Dino 1,B,1400,00:55.96,1400,0,0,0,14,0,0,0,0,0,0
Dino 1,S,2800,01:19.40,2800,0,0,0,22,0,0,1,1,0,0
Dino 1,S,2600,01:34.17,2600,0,0,0,19,0,0,1,1,0,0
Dino 1,S,3000,01:36.19,3000,0,0,0,17,0,0,0,3,0,0
Dino 1,B,1400,01:36.49,1400,0,0,0,14,0,0,0,0,0,0
Dino 1,B,1800,01:37.31,1800,0,0,0,18,0,0,0,0,0,0
Dino 1,S,3300,01:37.84,3300,0,0,0,27,0,0,0,2,0,0
Dino 1,A,2100,01:42.04,2100,0,0,0,19,0,0,0,1,0,0
Dino 1,S,4500,02:01.23,4500,0,0,0,27,0,1,3,0,0,0
Dino 1,S,4800,02:14.04,4800,0,0,0,28,0,0,3,2,0,0
Dino 1,S,4100,02:14.08,3900,200,0,0,36,1,0,0,1,0,1
Dino 1,S,4000,02:22.03,4000,0,0,0,29,0,0,1,2,0,0
Dino 1,S,4500,02:26.78,4500,0,0,0,29,0,0,2,2,0,0
Dino 1,S,4500,02:27.76,4500,0,0,0,37,0,0,2,0,0,0
Dino 1,S,5700,03:03.95,5500,200,0,0,37,1,0,3,1,0,1
Dino 1,S,7400,03:12.00,7200,200,0,0,37,1,0,2,3,0,1
Dino 1,B,3600,03:14.41,3600,0,0,0,22,0,0,2,1,0,0
,,,,,,,,,,,,,,
Dino 2,B,1800,03:32.43,100,200,0,1500,1,1,0,0,0,0,1
Dino 2,B,2600,04:18.14,700,400,0,1500,7,2,0,0,0,0,2
Dino 2,S,5500,04:39.69,3900,100,0,1500,33,1,0,2,0,0,0
Dino 2,S,4100,04:41.23,2400,200,0,1500,20,1,0,0,0,1,1
Dino 2,S,4400,05:08.94,2300,600,0,1500,23,3,0,0,0,0,3
Dino 2,S,5500,05:11.48,3400,600,0,1500,24,3,0,1,1,0,3
Dino 2,A,4500,05:39.31,2200,800,0,1500,19,4,0,1,0,0,4
Dino 2,S,4800,05:58.16,2700,600,0,1500,21,3,0,1,0,0,3
Dino 2,S,5600,06:25.60,3500,300,0,1500,20,3,0,2,0,0,3
Dino 2,S,5700,06:32.08,3600,600,0,1500,29,3,0,2,0,0,3
Dino 2,B,3800,06:40.67,1600,700,0,1500,13,4,0,1,0,0,3
Dino 2,S,7900,06:43.58,6300,100,0,1500,53,1,0,1,2,0,0
Dino 2,S,6900,06:50.49,4500,900,0,1500,35,5,0,2,0,0,4
Dino 2,S,11100,07:48.81,8600,1000,0,1500,53,5,0,4,2,2,5
Dino 2,A,6600,08:35.71,4300,800,0,1500,34,4,0,2,0,0,4
,,,,,,,,,,,,,,
Dino 3,S,18600,02:39.85,17800,300,500,0,99,2,0,5,2,0,1
Dino 3,S,27600,02:40.24,24600,0,3000,0,99,0,1,9,1,0,0
Dino 3,S,21800,02:41.72,19700,110,1000,0,99,2,0,6,3,0,1
Dino 3,S,12400,02:52.72,12200,200,0,0,100,1,0,2,3,0,1
Dino 3,S,21600,03:05.15,21600,0,0,0,114,0,0,12,2,0,0
Dino 3,S,15000,03:06.52,15000,0,0,0,99,0,0,4,5,0,0
Dino 3,S,20000,03:27.07,19300,200,500,0,119,1,0,9,2,0,1
Dino 3,S,15400,03:32.17,15100,300,0,0,99,2,0,8,1,0,1
Dino 3,S,27600,03:49.72,25600,0,2000,0,96,0,0,8,5,0,0
Dino 3,S,15400,04:06.57,15200,200,0,0,100,1,0,5,2,0,1
Dino 3,S,18200,04:24.43,17500,200,500,0,107,1,1,6,2,0,1
Dino 3,S,21600,04:27.29,20900,200,500,0,138,1,0,13,1,0,1
Dino 3,S,18100,05:07.92,17700,400,0,0,124,3,1,4,3,0,1
,,,,,,,,,,,,,,
Dino 4,C,1100,00:47.13,1100,0,0,0,8,0,0,1,0,0,0
Dino 4,A,2800,01:31.95,,,,,,,,,,,
Dino 4,B,2300,01:38.14,2000,300,0,0,15,2,0,0,1,1,1
Dino 4,S,5400,01:45.48,5100,300,0,0,26,2,0,3,2,0,1
Dino 4,S,3900,01:45.98,3600,300,0,0,27,2,0,2,1,0,1
Dino 4,A,2800,01:46.88,,,,,,,,,,,
Dino 4,A,2900,01:57.18,,,,,,,,,,,
Dino 4,B,2400,02:03.07,2100,300,0,0,18,2,0,1,0,0,1
Dino 4,S,4000,02:03.60,3600,400,0,0,30,2,0,1,0,0,2
Dino 4,S,4900,02:07.08,4800,100,0,0,40,1,0,2,0,0,0
Dino 4,S,4600,02:16.48,4500,100,0,0,26,1,0,4,0,0,0
Dino 4,S,5300,02:30.09,5200,100,0,0,40,1,0,2,0,0,0
Dino 4,S,5800,02:44.72,5600,200,0,0,38,1,0,4,1,0,1
Dino 4,S,10100,02:50.36,9200,400,500,0,38,2,0,5,1,0,2
Dino 4,S,4800,02:50.81,4100,700,0,0,34,3,0,2,0,0,2
Dino 4,S,5600,02:52.25,5400,200,0,0,32,1,0,4,0,0,1
Dino 4,S,5000,03:16.32,4600,400,0,0,40,2,0,1,0,0,2
Dino 4,S,5100,03:16.84,4900,200,0,0,40,2,0,2,0,0,0
,,,,,,,,,,,,,,
Dino 5,C,3800,02:34.12,3800,0,0,0,34,0,0,1,0,0,0
Dino 5,S,8400,04:34.11,8200,200,0,0,59,1,0,4,2,0,1
Dino 5,S,7600,04:45.64,7600,0,0,0,56,0,0,3,2,0,0
Dino 5,S,8500,04:52.44,8200,300,0,0,75,2,0,1,1,0,1
Dino 5,S,11400,05:10.97,11000,400,0,0,81,2,0,4,3,0,2
Dino 5,S,9100,05:47.87,8400,700,0,0,67,4,0,4,1,0,3
Dino 5,S,10400,06:41.56,9800,600,0,0,59,3,1,7,0,0,3
Dino 5,S,9900,06:55.28,9600,300,0,0,80,2,0,4,0,0,1
Dino 5,S,13200,07:05.24,12700,500,0,0,93,3,0,6,2,0,2
Dino 5,S,12700,07:14.01,12400,300,0,0,84,2,2,6,1,0,1
Dino 5,S,9700,07:16.33,9100,600,0,0,63,2,0,5,0,0,2
,,,,,,,,,,,,,,
Dino 6,S,11300,02:05.16,700,0,0,10600,7,0,0,0,0,0,0
Dino 6,S,10900,02:05.31,700,0,0,10200,7,0,0,0,0,0,0
Dino 6,A,8900,02:07.50,500,0,0,8400,5,0,0,0,0,0,0
Dino 6,S,11100,02:08.14,1500,0,0,9600,11,0,0,0,2,0,0
Dino 6,S,12200,02:08.30,2200,0,0,10000,15,0,0,0,2,0,0
Dino 6,S,10200,02:08.92,200,0,0,10000,2,0,0,0,0,0,0
Dino 6,S,12100,02:09.69,2100,0,0,10000,11,0,1,0,2,0,0
Dino 6,S,10800,02:09.90,800,0,0,10000,6,0,0,0,1,0,0
Dino 6,S,10900,02:10.04,100,0,0,10800,1,0,0,0,0,0,0
Dino 6,S,12200,02:11.63,200,0,0,12000,2,0,0,0,0,0,0
Dino 6,S,11300,02:11.90,300,0,0,11000,3,0,0,0,0,0,0
Dino 6,S,11200,02:13.72,800,0,0,10400,8,0,0,0,0,0,0
Dino 6,D,10600,04:27.47,1200,0,0,9400,8,0,1,0,0,0,0
Dino 6,D,10800,05:18.03,400,0,0,10400,4,0,0,0,0,0,0
,,,,,,,,,,,,,,
Dino 7,S,2100,00:46.67,0,0,0,2100,0,0,0,0,0,0,0
Dino 7,S,2400,00:48.81,0,0,0,2400,0,0,0,0,0,0,0
Dino 7,S,2400,00:53.45,0,0,0,2400,0,0,0,0,0,0,0
Dino 7,S,3000,00:55.02,0,0,0,3000,0,0,0,0,0,0,0
Dino 7,S,2700,00:55.82,0,0,0,2700,0,0,0,0,0,0,0
Dino 7,S,2100,00:57.15,0,0,0,2100,0,0,0,0,0,0,0
Dino 7,A,1200,01:22.84,0,0,0,1200,0,0,0,0,0,0,0
,,,,,,,,,,,,,,
Dino 8,S,6500,02:29.10,6500,0,0,0,47,0,0,2,2,0,0
Dino 8,S,10600,02:40.92,8900,700,1000,0,48,2,1,3,0,3,1
Dino 8,S,9700,03:07.20,7900,800,1000,0,49,2,0,4,0,2,2
Dino 8,S,14600,03:10.08,14000,100,500,0,85,1,0,4,0,0,0
Dino 8,S,11000,03:23.39,10600,400,0,0,85,2,0,3,0,0,2
Dino 8,C,3800,03:36.36,3300,500,0,0,33,3,0,0,0,0,2
Dino 8,S,10000,03:38.43,9600,400,0,0,85,2,0,2,0,0,2
Dino 8,A,7100,03:40.97,7000,100,0,0,50,1,1,3,0,0,0
Dino 8,S,12100,04:19.71,10900,1200,0,0,71,3,0,4,0,3,3
Dino 8,S,11900,04:25.02,11400,500,0,0,68,3,0,5,1,2,2
Dino 8,S,17800,04:29.21,15000,1300,1500,0,48,3,0,4,0,3,2
Dino 8,S,10500,04:51.23,10100,400,0,0,85,3,0,3,0,1,1
Dino 8,A,9800,04:57.12,9500,300,0,0,82,2,0,2,0,0,1
Dino 8,S,16300,05:28.60,13600,700,2000,0,62,2,0,6,1,2,1
Dino 8,S,12400,05:32.67,11400,1000,0,0,77,5,0,3,2,2,5
Dino 8,S,18400,05:57.77,17200,700,500,0,81,4,0,8,0,2,3
,,,,,,,,,,,,,,
Blizzard 1,?,800,01:12.08,800,0,0,0,8,0,0,0,0,0,0
Blizzard 1,S,7600,01:38.56,7500,100,0,0,36,1,0,6,1,0,0
Blizzard 1,S,5100,01:42.27,5100,0,0,0,40,0,0,3,1,0,0
Blizzard 1,S,9000,02:02.03,8500,0,500,0,39,0,0,1,5,0,0
Blizzard 1,S,9200,02:04.60,7700,0,1500,0,27,0,0,0,5,0,0
Blizzard 1,S,8400,02:07.05,7400,0,1000,0,36,0,0,1,4,0,0
Blizzard 1,S,6900,02:19.48,6900,0,0,0,34,0,0,3,4,0,0
Blizzard 1,S,11400,02:20.08,10400,0,1000,0,34,0,0,3,7,0,0
Blizzard 1,B,3600,02:21.50,3600,0,0,0,20,0,0,0,4,0,0
Blizzard 1,S,5800,02:22.57,5800,0,0,0,26,0,0,3,2,0,0
Blizzard 1,S,5100,02:26.30,4900,200,0,0,41,1,0,0,2,0,1
Blizzard 1,S,19500,02:44.88,16800,700,2000,0,37,2,0,6,4,0,1
Blizzard 1,A,4800,02:45.28,4600,200,0,0,34,1,0,1,3,0,1
Blizzard 1,A,5200,02:45.52,5200,0,0,0,40,0,0,2,0,0,0
Blizzard 1,S,10100,03:02.70,8700,400,1000,0,30,1,0,1,4,0,1
Blizzard 1,B,5200,03:09.48,5200,0,0,0,29,0,0,3,2,0,0
Blizzard 1,S,6800,03:12.03,6800,0,0,0,34,0,0,4,2,0,0
Blizzard 1,S,6800,03:21.21,6800,0,0,0,34,0,0,4,2,0,0
Blizzard 1,A,6800,03:25.64,6800,0,0,0,34,0,0,4,2,0,0
Blizzard 1,A,6800,03:31.61,6800,0,0,0,34,0,0,4,2,0,0
Blizzard 1,S,9700,03:45.05,8800,400,500,0,41,3,0,0,6,0,1
,,,,,,,,,,,,,,
Blizzard 2,B,2300,01:36.14,600,200,0,1500,6,1,0,0,0,0,1
Blizzard 2,S,4200,01:50.92,2500,200,0,1500,14,1,0,0,3,0,1
Blizzard 2,S,9200,03:05.66,7400,300,0,1500,40,2,0,0,6,0,1
Blizzard 2,S,9600,03:07.88,7400,200,500,1500,33,1,0,0,5,0,1
Blizzard 2,S,7700,03:13.72,6000,200,0,1500,45,1,0,3,0,0,1
Blizzard 2,S,10200,03:19.08,8300,400,0,1500,45,2,0,0,7,0,2
Blizzard 2,S,10900,03:22.46,9000,400,0,1500,45,2,0,0,6,0,2
Blizzard 2,S,7500,03:53.34,5400,600,0,1500,34,3,0,0,2,0,3
Blizzard 2,S,14100,03:56.60,12000,300,0,1500,45,2,0,1,7,0,2
Blizzard 2,S,7600,03:58.44,5700,400,0,1500,40,2,0,0,2,0,2
Blizzard 2,S,9900,04:02.54,8000,400,0,1500,37,2,0,2,2,0,2
Blizzard 2,A,4200,04:25.60,2500,200,0,1500,10,1,0,0,2,0,1
Blizzard 2,S,16900,04:32.41,13600,800,1000,1500,45,4,0,0,5,0,4
Blizzard 2,S,10000,04:39.61,7800,700,0,1500,45,3,0,0,6,0,2
,,,,,,,,,,,,,,
Blizzard 3,S,7200,00:37.68,6200,0,1000,0,18,0,0,0,5,0,0
Blizzard 3,S,2900,00:39.98,2900,0,0,0,21,0,0,0,2,0,0
Blizzard 3,S,4200,01:02.48,4200,0,0,0,28,0,0,0,3,0,0
Blizzard 3,C,1000,01:04.44,1000,0,0,0,10,0,0,0,0,0,0
Blizzard 3,S,5300,01:26.64,5100,200,0,0,27,1,0,0,3,0,1
Blizzard 3,S,5500,01:29.93,4900,600,0,0,34,1,0,0,2,0,1
Blizzard 3,A,3800,01:35.47,3800,0,0,0,28,0,0,2,0,0,0
Blizzard 3,S,4900,01:37.42,4700,200,0,0,34,1,0,0,4,0,1
Blizzard 3,S,4600,01:38.43,4400,200,0,0,31,1,1,2,0,0,1
Blizzard 3,S,6600,01:45.13,6600,0,0,0,34,0,0,4,0,0,0
Blizzard 3,S,6200,01:47.96,6000,200,0,0,34,1,0,1,3,0,1
Blizzard 3,A,4300,01:48.41,4100,200,0,0,29,1,0,0,2,0,1
Blizzard 3,A,4700,02:10.70,4500,200,0,0,34,1,0,2,1,0,1
Blizzard 3,S,6700,02:19.85,6600,100,0,0,34,1,0,2,3,0,0
Blizzard 3,S,6800,02:24.03,6100,200,500,0,33,1,0,2,4,0,1
Blizzard 3,B,4200,02:40.65,4000,200,0,0,34,1,0,2,0,0,1
,,,,,,,,,,,,,,
Blizzard 4,D,0,00:34.08,0,0,0,0,0,0,0,0,0,0,0
Blizzard 4,S,4800,01:51.18,4600,200,0,0,29,1,0,0,4,0,1
Blizzard 4,S,9800,02:06.25,8600,200,1000,0,28,1,0,0,5,0,1
Blizzard 4,S,9600,02:09.42,8400,200,1000,0,29,1,0,0,6,0,1
Blizzard 4,S,12000,02:10.49,10300,200,1500,0,28,1,0,0,6,0,1
Blizzard 4,S,9800,02:17.92,8700,100,1000,0,28,1,0,0,6,0,0
Blizzard 4,S,6500,02:42.20,6300,200,0,0,37,1,0,0,4,0,1
Blizzard 4,S,11500,02:42.24,10300,200,1000,0,45,1,0,0,4,0,1
Blizzard 4,S,6600,02:48.17,6400,200,0,0,38,1,0,0,4,0,1
Blizzard 4,S,8100,02:50.75,7400,200,500,0,44,1,0,0,3,0,1
Blizzard 4,S,5900,02:55.72,5700,200,0,0,32,1,0,0,2,0,1
Blizzard 4,S,12800,03:11.07,11600,200,1000,0,29,1,0,0,5,0,1
Blizzard 4,S,7700,03:16.33,7200,0,500,0,42,0,0,0,4,0,0
Blizzard 4,S,8300,03:31.68,7600,200,500,0,26,1,0,0,4,0,1
Blizzard 4,S,11900,03:38.76,11200,200,500,0,45,1,0,3,1,0,1
Blizzard 4,S,9600,03:42.09,8000,100,1500,0,37,1,2,2,1,0,0
,,,,,,,,,,,,,,
Blizzard 5,?,13800,03:24.12,13300,0,500,0,71,0,0,5,0,0,0
Blizzard 5,S,13200,04:44.25,11400,800,1000,0,57,2,1,2,4,0,2
Blizzard 5,S,10000,04:44.80,9400,600,0,0,62,2,0,1,3,0,2
Blizzard 5,S,18200,05:05.31,18000,200,0,0,105,1,0,6,4,0,1
Blizzard 5,S,17100,05:21.88,16000,100,1000,0,93,1,0,4,6,0,0
Blizzard 5,S,13500,05:23.20,12600,400,500,0,37,2,0,0,8,0,2
Blizzard 5,S,23600,06:04.03,21900,1200,500,0,109,5,0,3,5,3,5
Blizzard 5,S,8800,06:24.64,8100,200,500,0,32,1,0,2,3,0,1
Blizzard 5,S,10600,06:40.41,10100,500,0,0,64,3,0,2,3,0,2
Blizzard 5,C,4700,06:49.72,4700,0,0,0,33,0,0,0,2,0,0
Blizzard 5,S,13800,07:03.58,12800,1000,0,0,101,3,0,2,2,0,3
Blizzard 5,S,11800,07:57.36,11200,600,0,0,63,2,1,3,3,0,2
Blizzard 5,S,20500,11:39.04,18800,1200,500,0,110,6,0,3,6,2,4
,,,,,,,,,,,,,,
Blizzard 6,S,3000,00:39.71,0,0,0,3000,0,0,0,0,0,0,0
Blizzard 6,B,900,00:39.77,0,0,0,900,0,0,0,0,0,0,0
Blizzard 6,S,2700,00:41.18,0,0,0,2700,0,0,0,0,0,0,0
Blizzard 6,S,3600,00:41.00,0,0,0,3600,0,0,0,0,0,0,0
Blizzard 6,S,3000,01:02.86,0,0,0,3000,0,0,0,0,0,0,0
Blizzard 6,S,2700,01:07.12,0,0,0,2700,0,0,0,0,0,0,0
Blizzard 6,S,3300,01:29.76,0,0,0,3300,0,0,0,0,0,0,0
Blizzard 6,C,1800,01:53.95,0,0,0,1800,0,0,0,0,0,0,0
,,,,,,,,,,,,,,
Blizzard 7,C,8000,02:03.64,0,0,0,8000,0,0,0,0,0,0,0
Blizzard 7,S,10200,02:04.88,0,0,0,10200,0,0,0,0,0,0,0
Blizzard 7,S,10400,02:06.46,0,0,0,10400,0,0,0,0,0,0,0
Blizzard 7,A,9600,02:06.83,0,0,0,9600,0,0,0,0,0,0,0
Blizzard 7,S,11200,02:07.00,0,0,0,11200,0,0,0,0,0,0,0
Blizzard 7,S,10400,02:07.18,0,0,0,10400,0,0,0,0,0,0,0
Blizzard 7,S,11000,02:11.84,0,0,0,11000,0,0,0,0,0,0,0
Blizzard 7,C,8400,02:12.80,0,0,0,8400,0,0,0,0,0,0,0
Blizzard 7,C,8600,02:13.02,0,200,0,8400,0,1,0,0,0,0,1
Blizzard 7,S,10800,02:13.95,0,0,0,10800,0,0,0,0,0,0,0
Blizzard 7,S,12200,02:14.75,0,0,0,12200,0,0,0,0,0,0,0
Blizzard 7,S,12200,02:16.35,0,0,0,12200,0,0,0,0,0,0,0
Blizzard 7,S,11200,02:17.61,0,0,0,11200,0,0,0,0,0,0,0
Blizzard 7,A,10800,02:20.72,0,0,0,10800,0,0,0,0,0,0,0
Blizzard 7,A,11000,02:21.07,0,200,0,10800,0,1,0,0,0,0,1
Blizzard 7,S,12000,02:21.12,0,200,0,11800,0,1,0,0,0,0,1
,,,,,,,,,,,,,,
Blizzard 8,S,13700,03:22.57,13200,500,0,0,100,3,0,1,5,0,2
Blizzard 8,S,13900,03:23.63,13800,100,0,0,101,1,0,4,2,0,0
Blizzard 8,S,15200,03:25.04,15000,200,0,0,105,2,2,2,5,0,0
Blizzard 8,S,17500,03:38.75,16100,900,500,0,101,2,0,2,7,0,1
Blizzard 8,S,14100,03:41.23,13900,200,0,0,103,1,1,3,3,0,1
Blizzard 8,S,13800,03:41.90,12900,900,0,0,100,3,0,2,5,0,2
Blizzard 8,S,14200,04:08.22,13900,300,0,0,100,2,0,4,4,0,1
Blizzard 8,S,12400,04:34.44,12200,200,0,0,118,1,0,1,0,0,1
Blizzard 8,S,17300,05:52.70,15500,800,1000,0,100,5,0,4,5,0,3
Blizzard 8,S,24300,05:55.08,22700,600,1000,0,118,4,0,6,8,2,2
Blizzard 8,S,15600,08:50.48,14600,500,500,0,109,3,0,2,4,1,2
Blizzard 8,A,15600,09:48.08,14600,500,500,0,109,3,0,2,4,1,2
,,,,,,,,,,,,,,
Circus 1,C,1900,01:46.00,1900,0,0,0,19,0,0,0,0,0,0
Circus 1,S,7000,01:56.75,6500,0,500,0,37,0,0,1,5,0,0
Circus 1,S,6300,02:33.61,5800,0,500,0,38,0,0,0,3,0,0
Circus 1,S,6000,02:34.08,6000,0,0,0,46,0,0,1,3,0,0
Circus 1,S,7200,02:35.16,6600,100,500,0,36,1,0,0,6,0,0
Circus 1,S,6300,02:38.09,6300,0,0,0,47,0,0,0,4,0,0
Circus 1,S,6600,02:45.72,6400,200,0,0,40,1,0,1,3,0,1
Circus 1,S,6300,02:50.09,6300,0,0,0,47,0,0,0,4,0,0
Circus 1,C,2800,02:51.48,2600,200,0,0,24,1,0,0,1,0,1
Circus 1,S,7700,03:01.88,7200,0,500,0,39,0,0,1,5,0,0
Circus 1,S,6100,03:03.92,5600,0,500,0,31,0,0,1,3,0,0
Circus 1,S,5100,03:05.98,4900,200,0,0,47,1,0,0,1,0,1
Circus 1,S,8900,03:18.97,8200,200,500,0,47,1,0,1,5,0,1
Circus 1,S,6400,03:19.44,6200,200,0,0,40,1,0,0,3,0,1
Circus 1,S,7400,03:20.41,7200,200,0,0,46,1,0,1,4,1,1
Circus 1,D,7400,03:20.41,7200,200,0,0,46,1,0,1,4,1,1
Circus 1,D,1000,04:09.95,1000,0,0,0,10,0,0,0,0,0,0
,,,,,,,,,,,,,,
Circus 2,B,3000,01:59.90,1500,0,0,1500,15,0,0,0,0,0,0
Circus 2,A,3600,03:12.09,2100,0,0,1500,15,0,0,0,1,0,0
Circus 2,S,5900,03:16.65,4100,300,0,1500,31,2,0,0,3,0,1
Circus 2,S,6800,03:45.61,5000,300,0,1500,30,2,0,0,4,0,1
Circus 2,S,5400,03:56.44,3300,600,0,1500,31,3,0,0,1,0,3
Circus 2,S,19900,04:19.77,15800,600,2000,1500,62,3,0,1,7,0,3
Circus 2,S,6200,04:21.05,4300,400,0,1500,33,1,0,1,2,0,1
Circus 2,S,10000,04:33.28,8300,200,0,1500,60,2,0,3,2,2,0
Circus 2,S,11300,05:20.70,8800,1000,0,1500,76,4,0,2,0,1,4
Circus 2,S,8100,05:21.87,6300,300,0,1500,51,2,1,2,0,0,1
Circus 2,S,14200,05:47.82,11900,800,0,1500,94,3,0,5,0,0,3
Circus 2,S,13900,05:56.38,11700,700,0,1500,94,4,0,1,2,2,3
Circus 2,S,11200,06:56.00,9500,200,0,1500,92,2,0,1,0,0,0
,,,,,,,,,,,,,,
Circus 3,S,6400,01:43.60,6200,200,0,0,31,1,0,1,4,0,1
Circus 3,S,4500,01:48.89,4300,200,0,0,26,1,0,0,2,1,1
Circus 3,S,7500,01:50.81,7300,200,0,0,48,1,0,2,0,1,1
Circus 3,S,7400,01:52.76,7000,400,0,0,38,1,0,2,2,2,1
Circus 3,S,8000,01:57.18,7600,400,0,0,39,2,0,3,2,1,2
Circus 3,S,6100,01:58.99,5900,200,0,0,35,1,0,2,1,0,1
Circus 3,S,9700,02:01.05,9600,100,0,0,46,1,0,2,5,0,0
Circus 3,S,13900,02:19.98,12200,200,1500,0,37,1,0,2,6,0,1
Circus 3,A,5300,02:29.15,5100,200,0,0,33,1,0,0,2,2,1
Circus 3,C,3400,02:45.15,3300,100,0,0,22,1,0,0,2,0,0
Circus 3,S,6800,02:47.29,6400,400,0,0,49,1,0,0,2,1,1
Circus 3,S,8300,02:48.51,8100,200,0,0,49,1,0,3,2,0,1
Circus 3,A,5800,02:54.46,5600,200,0,0,35,1,0,0,2,2,1
Circus 3,A,5900,02:58.91,570,200,0,0,36,1,0,0,2,2,1
Circus 3,B,6000,03:15.36,5800,200,0,0,37,1,0,0,2,2,1
Circus 3,S,14200,03:20.44,13000,200,1000,0,53,1,0,0,5,1,1
Circus 3,S,12500,03:28.27,11300,200,1000,0,49,1,0,0,6,2,1
Circus 3,S,15900,03:29.47,14200,200,1500,0,53,1,0,0,7,2,1
Circus 3,S,60300,03:30.89,55600,200,4500,0,98,1,0,2,13,0,1
Circus 3,S,30600,04:52.24,27900,200,2500,0,68,1,0,0,12,1,1
,,,,,,,,,,,,,,
Circus 4,S,8600,02:13.04,8400,200,0,0,46,1,1,1,4,0,1
Circus 4,S,10600,03:10.51,10200,400,0,0,54,2,0,6,0,1,2
Circus 4,S,9100,03:10.59,8700,400,0,0,50,2,0,2,4,0,2
Circus 4,S,14800,03:18.49,14300,0,500,0,84,0,0,7,0,0,0
Circus 4,S,7600,03:28.60,7100,500,0,0,48,3,0,4,0,1,2
Circus 4,C,2800,03:52.35,2600,200,0,0,19,1,0,1,0,0,1
Circus 4,S,7200,03:54.01,6900,300,0,0,41,2,0,3,0,2,1
Circus 4,S,18800,03:57.02,17800,0,1000,0,89,0,0,9,0,0,0
Circus 4,S,15600,04:25.42,13000,1100,1500,0,80,4,0,7,1,0,3
Circus 4,S,8800,04:40.19,8500,300,0,0,52,2,0,2,2,2,1
Circus 4,S,13300,04:58.40,12600,700,0,0,88,5,0,4,0,2,2
Circus 4,S,15600,05:09.66,15500,100,0,0,88,1,0,7,6,0,0
Circus 4,S,12000,05:22.30,12000,0,0,0,80,0,0,4,3,0,0
Circus 4,D,3700,08:00.30,3700,0,0,0,30,0,0,1,0,0,0
Circus 4,B,15500,10:35.53,14500,0,1000,0,64,0,0,5,7,0,0
,,,,,,,,,,,,,,
Circus 5,S,5000,00:31.87,4800,200,0,0,16,1,0,0,0,2,1
Circus 5,S,5000,00:34.41,4800,200,0,0,16,1,0,0,0,2,1
Circus 5,S,5400,00:42.48,5200,200,0,0,17,1,0,0,0,2,1
Circus 5,A,2900,00:54.46,2700,200,0,0,14,1,0,0,0,2,1
Circus 5,S,4800,00:57.28,4600,200,0,0,16,1,0,0,0,2,1
Circus 5,S,4500,00:59.55,4300,200,0,0,17,1,0,0,0,2,1
Circus 5,S,5700,01:02.64,5500,200,0,0,23,1,0,0,0,3,1
Circus 5,S,4200,01:06.33,4000,200,0,0,15,1,0,0,0,3,1
Circus 5,S,5900,01:24.16,5700,200,0,0,26,1,0,0,0,3,1
Circus 5,S,4800,01:54.24,4600,200,0,0,20,1,0,0,0,2,1
Circus 5,S,4800,01:55.32,4600,200,0,0,16,1,0,0,0,2,1
Circus 5,A,4600,01:58.94,4400,200,0,0,15,1,0,0,0,2,1
Circus 5,S,6200,02:03.74,6000,200,0,0,23,1,0,0,0,4,1
Circus 5,A,4800,02:10.88,4600,200,0,0,16,1,0,0,0,2,1
Circus 5,A,6000,03:02.92,5900,100,0,0,33,1,0,3,0,0,0
Circus 5,A,8500,04:06.14,7700,800,0,0,44,4,0,1,0,2,4
Circus 5,S,12200,05:50.24,11700,0,500,0,65,0,0,5,0,0,0
,,,,,,,,,,,,,,
Circus 6,S,5300,03:18.12,5300,0,0,0,41,0,0,2,0,0,0
Circus 6,S,6100,03:22.16,5900,200,0,0,39,1,0,2,3,0,1
Circus 6,A,3500,03:29.80,3000,500,0,0,21,3,0,0,1,1,2
Circus 6,S,6100,03:30.96,5900,200,0,0,44,1,0,1,2,0,1
Circus 6,S,5900,03:35.84,5600,300,0,0,35,2,0,0,4,0,1
Circus 6,S,6400,03:36.20,5300,1100,0,0,34,6,0,2,0,1,5
Circus 6,A,3500,03:39.45,3000,500,0,0,21,3,0,0,1,1,2
Circus 6,S,13800,03:46.09,12300,500,1000,0,45,3,0,2,5,0,2
Circus 6,S,20600,04:25.26,18600,0,2000,0,34,0,0,0,6,0,0
Circus 6,S,4500,04:36.64,3400,1100,0,0,31,5,0,0,1,0,4
Circus 6,S,4700,04:38.20,4400,300,0,0,36,2,0,0,2,0,1
Circus 6,S,16100,04:40.22,14900,200,1000,0,66,1,0,1,8,0,1
Circus 6,S,13800,04:45.37,12300,500,1000,0,45,3,0,2,5,0,2
Circus 6,S,11500,04:51.88,10000,0,1500,0,24,0,0,0,6,0,0
Circus 6,S,22200,05:20.44,19700,0,2500,0,29,0,0,0,7,0,0
Circus 6,S,4700,05:40.62,4000,700,0,0,31,4,0,2,1,0,3
,,,,,,,,,,,,,,
Circus 7,B,11700,01:37.82,11700,0,0,0,102,0,0,0,2,0,0
Circus 7,S,33100,02:17.00,30600,0,2500,0,114,0,0,10,5,0,0
Circus 7,A,14500,02:27.12,14100,400,0,0,100,2,0,0,6,0,2
Circus 7,S,20100,02:55.82,19100,0,1000,0,103,0,0,6,7,0,0
Circus 7,S,16200,02:56.59,15800,400,0,0,109,2,0,2,7,0,2
Circus 7,S,15700,03:00.65,14900,300,500,0,100,2,0,4,3,0,1
Circus 7,S,30200,03:01.96,27300,400,2500,0,103,1,0,5,9,0,1
Circus 7,?,17600,03:18.06,16700,400,500,0,107,2,0,2,7,0,2
Circus 7,S,17300,03:20.75,16000,1300,0,0,109,4,0,2,7,0,3
Circus 7,S,163300,03:28.70,155100,200,8000,0,182,1,0,0,20,0,1
Circus 7,S,104100,03:38.32,95600,0,8500,0,217,0,0,10,22,0,0
Circus 7,S,18400,03:46.41,18400,0,0,0,147,0,0,6,0,0,0
Circus 7,C,7000,03:58.92,6700,300,0,0,61,2,0,1,0,0,1
Circus 7,S,62200,04:38.25,60100,1100,1000,0,209,4,0,5,8,1,3
Circus 7,S,15900,04:39.13,15600,300,0,0,111,2,0,5,6,0,1
Circus 7,D,300,04:53.29,300,0,0,0,3,0,0,0,0,0,0
Circus 7,A,12900,04:59.39,12500,400,0,0,108,2,0,1,3,0,2
,,,,,,,,,,,,,,
Circus 8,A,10900,02:10.06,2700,0,0,8200,21,0,0,0,1,0,0
Circus 8,S,12300,02:10.30,3300,0,0,9000,21,0,0,0,1,0,0
Circus 8,S,15000,02:12.41,4600,0,0,10400,21,0,0,0,3,0,0
Circus 8,S,13400,02:12.52,3400,0,0,10000,21,0,0,0,2,0,0
Circus 8,S,14600,02:15.31,4000,0,0,10600,21,0,0,0,2,0,0
Circus 8,S,14300,02:15.64,4100,0,0,10200,20,0,0,0,2,0,0
Circus 8,S,13400,02:16.25,3300,100,0,10000,21,1,0,0,2,0,0
Circus 8,S,13700,02:20.14,3300,0,0,10400,21,0,0,0,1,0,0
Circus 8,A,11400,02:22.00,1400,0,0,10000,14,0,0,0,0,0,0
Circus 8,S,14500,02:22.92,3100,0,0,11400,21,0,0,0,2,0,0
Circus 8,S,14300,02:26.62,2100,0,0,12200,21,0,0,0,0,0,0
Circus 8,S,12900,02:28.12,1500,0,0,11400,15,0,0,0,0,0,0
Circus 8,S,15300,02:36.84,3500,0,0,11800,21,0,0,0,2,0,0
,,,,,,,,,,,,,,
Sand 1,S,9100,01:48.16,8100,0,1000,0,35,0,0,1,5,0,0
Sand 1,S,7900,01:52.57,7700,200,0,0,37,1,0,2,2,0,1
Sand 1,S,9200,02:09.21,8600,600,0,0,36,2,0,3,2,0,2
Sand 1,S,8700,02:20.01,8700,0,0,0,53,0,0,1,5,0,0
Sand 1,S,7400,02:22.01,7000,400,0,0,34,2,0,2,1,0,2
Sand 1,S,7700,02:22.46,7300,400,0,0,37,3,0,3,1,0,1
Sand 1,S,8400,02:43.23,7600,800,0,0,36,2,0,3,1,0,2
Sand 1,D,0,03:09.96,0,0,0,0,0,0,0,0,0,0,0
Sand 1,S,11600,03:12.16,10000,600,1000,0,36,2,0,1,6,0,2
Sand 1,S,15600,03:35.32,13500,600,1500,0,55,3,3,0,5,1,3
Sand 1,S,10000,03:43.58,9600,400,0,0,61,3,0,4,1,0,1
Sand 1,S,6900,03:44.70,6800,100,0,0,61,1,0,2,0,0,0
Sand 1,S,11700,03:59.08,11300,400,0,0,61,2,0,2,3,0,2
,,,,,,,,,,,,,,
Sand 2,S,7100,04:25.47,5400,200,0,1500,31,1,0,1,2,0,1
Sand 2,S,7500,05:11.39,5800,200,0,1500,42,1,1,1,1,0,1
Sand 2,S,8800,05:34.57,7300,0,0,1500,53,0,0,3,1,0,0
Sand 2,S,10600,06:12.64,10600,400,1000,1500,49,2,1,2,6,0,2
Sand 2,S,8500,06:46.20,6300,200,500,1500,39,1,0,0,3,0,1
Sand 2,S,10000,06:53.37,7900,100,500,1500,43,1,0,0,4,0,0
Sand 2,S,10200,07:17.58,8100,600,0,1500,52,4,0,0,3,0,2
Sand 2,S,10500,07:34.03,8700,300,0,1500,45,2,1,2,4,0,1
Sand 2,S,10300,07:41.44,7900,900,0,1500,48,6,0,1,4,0,3
Sand 2,S,10200,07:49.90,8200,500,0,1500,47,3,0,1,4,0,2
Sand 2,A,7400,07:55.02,5500,400,0,1500,34,2,0,1,2,0,2
Sand 2,S,14000,08:14.83,10800,700,1000,1500,57,4,0,2,5,0,3
Sand 2,A,8300,08:16.09,6400,400,0,1500,59,2,0,0,1,0,2
Sand 2,S,13400,08:48.81,10100,800,1000,1500,46,5,0,1,5,0,3
Sand 2,C,5100,09:14.78,3400,200,0,1500,24,1,0,1,1,0,1
,,,,,,,,,,,,,,
Sand 3,B,2200,01:40.00,2000,200,0,0,15,1,0,1,0,0,1
Sand 3,C,900,01:49.40,900,0,0,0,9,0,0,0,0,0,0
Sand 3,S,4000,02:20.16,4000,0,0,0,27,0,0,3,0,0,0
Sand 3,S,5200,02:28.49,5000,200,0,0,34,1,0,4,0,0,1
Sand 3,S,3800,02:30.41,3600,200,0,0,27,1,0,3,0,0,1
Sand 3,S,4200,02:31.31,4000,200,0,0,27,1,0,3,0,0,1
Sand 3,S,4500,02:40.88,4300,200,0,0,29,1,0,2,1,0,1
Sand 3,S,5700,02:59.72,5500,200,0,0,35,1,0,4,0,0,1
Sand 3,S,4100,03:03.18,3600,500,0,0,27,2,0,3,0,0,1
Sand 3,S,5600,03:06.43,5400,200,0,0,35,1,0,4,0,0,1
Sand 3,S,6600,03:11.32,6600,0,0,0,44,0,0,5,0,0,0
Sand 3,S,4000,03:32.65,4000,0,0,0,26,0,1,2,0,0,0
Sand 3,S,6500,03:40.75,6500,0,0,0,52,0,0,3,0,0,0
Sand 3,S,9000,04:19.95,8700,300,0,0,45,2,0,7,0,0,1
,,,,,,,,,,,,,,
Sand 4,S,10600,02:02.22,1200,0,0,9400,8,0,0,0,1,0,0
Sand 4,S,10200,02:02.22,0,0,0,10200,0,0,0,0,0,0,0
Sand 4,S,10800,02:02.78,2800,0,0,8000,25,0,0,0,1,0,0
Sand 4,S,10600,02:03.87,200,0,0,10400,2,0,0,0,0,0,0
Sand 4,S,11700,02:04.16,1500,0,0,10200,7,0,0,0,2,0,0
Sand 4,S,12700,02:05.07,1900,0,0,10800,10,0,0,0,2,0,0
Sand 4,S,11800,02:05.13,2600,0,0,9200,8,0,0,0,2,0,0
Sand 4,S,11600,02:06.75,600,0,0,11000,6,0,0,0,0,0,0
Sand 4,S,11200,02:06.96,1600,0,0,9600,10,0,0,0,1,0,0
Sand 4,S,10700,02:07.72,1500,0,0,9200,9,0,0,0,1,0,0
Sand 4,A,10000,02:08.56,1800,0,0,8200,9,0,0,0,2,0,0
Sand 4,S,13300,02:10.11,2600,100,0,10600,11,1,0,2,0,0,0
Sand 4,A,9700,02:11.12,500,0,0,9200,5,0,0,0,0,0,0
Sand 4,S,10700,02:12.09,500,0,0,10200,5,0,0,0,0,0,0
Sand 4,S,15000,02:13.80,3500,0,500,11000,11,0,0,0,3,0,0
Sand 4,S,13500,02:14.59,1500,0,0,12000,15,0,0,0,0,0,0
Sand 4,B,10500,02:30.09,300,0,0,10200,3,0,0,0,0,0,0
Sand 4,C,11900,03:09.55,900,0,0,11000,9,0,0,0,0,0,0
,,,,,,,,,,,,,,
Sand 5,S,9800,02:54.54,8800,1000,0,0,56,5,0,3,2,0,5
Sand 5,S,9700,03:05.80,9000,700,0,0,52,4,0,4,3,0,3
Sand 5,C,3200,04:23.98,2700,500,0,0,19,3,1,1,0,0,2
Sand 5,S,8300,04:26.70,8100,200,0,0,57,2,0,4,2,0,0
Sand 5,S,7500,04:29.05,7000,500,0,0,48,3,1,3,0,0,2
Sand 5,S,7600,04:31.93,7200,400,0,0,45,2,2,2,0,0,2
Sand 5,A,6700,05:15.60,6100,600,0,0,44,3,0,2,0,1,3
Sand 5,S,9100,05:24.33,8900,200,0,0,63,1,2,4,0,0,1
Sand 5,A,7200,05:25.04,6800,400,0,0,55,3,1,2,0,0,1
Sand 5,A,7300,05:26.49,,,,,,,,,,,
Sand 5,A,7100,05:29.92,6500,600,0,0,44,3,0,3,0,0,3
Sand 5,S,10800,05:30.99,9100,1700,0,0,64,9,0,4,2,0,6
Sand 5,S,10000,05:34.80,9600,400,0,0,67,2,0,6,0,0,2
Sand 5,S,8900,05:46.27,8700,200,0,0,74,1,0,4,0,0,1
Sand 5,S,10000,05:48.25,9800,200,0,0,56,1,1,6,0,0,1
Sand 5,S,9700,07:11.05,9300,400,0,0,71,2,0,3,1,0,2
Sand 5,C,2500,07:23.68,2300,200,0,0,20,1,0,1,0,0,1
Sand 5,S,10800,08:29.53,9400,1400,0,0,69,9,0,5,1,0,5
Sand 5,B,5300,08:33.23,5100,200,0,0,40,1,1,2,0,0,1
Sand 5,S,8800,08:42.52,8300,500,0,0,71,3,0,3,0,0,2
,,,,,,,,,,,,,,
Sand 6,S,15100,02:21.08,15100,0,0,0,102,0,0,9,2,0,0
Sand 6,S,15500,02:46.57,15300,200,0,0,96,1,0,5,4,0,1
Sand 6,S,13300,02:53.95,12800,500,0,0,104,3,0,5,0,0,2
Sand 6,S,16200,02:59.47,16000,200,0,0,111,1,0,2,6,0,1
Sand 6,S,13900,03:11.40,13300,600,0,0,102,3,1,6,0,0,3
Sand 6,S,13700,03:24.19,13600,100,0,0,100,1,0,3,4,0,0
Sand 6,S,13700,03:24.89,13300,400,0,0,99,2,0,5,0,0,2
Sand 6,S,16800,03:44.81,16600,200,0,0,111,1,0,11,0,0,1
Sand 6,S,15600,03:57.31,15100,0,500,0,105,0,0,7,0,0,0
Sand 6,S,12700,04:00.41,12100,600,0,0,102,3,0,4,0,0,3
Sand 6,S,16500,04:09.24,16400,100,0,0,119,1,0,8,0,0,0
Sand 6,S,19600,04:43.47,17100,1000,1500,0,102,2,0,7,0,0,2
Sand 6,D,2200,04:45.69,1900,300,0,0,19,2,0,0,0,0,1
,,,,,,,,,,,,,,
Sand 7,C,1500,01:17.02,1500,0,0,0,15,0,0,0,0,0,0
Sand 7,S,6000,02:00.83,6000,0,0,0,35,0,0,1,5,0,0
Sand 7,S,10600,02:39.44,10000,100,500,0,55,1,0,2,6,0,0
Sand 7,S,6800,02:46.76,6600,200,0,0,37,1,0,2,3,0,1
Sand 7,S,4900,02:48.00,4900,0,0,0,33,0,0,0,3,0,0
Sand 7,A,4300,02:51.28,4300,0,0,0,27,0,0,0,3,0,0
Sand 7,S,7200,02:53.00,6700,0,500,0,35,0,1,1,4,0,0
Sand 7,S,6100,03:03.28,6100,0,0,0,31,0,0,0,6,0,0
Sand 7,S,7800,03:19.68,7600,200,0,0,61,1,0,2,2,0,1
Sand 7,S,8400,03:28.60,8300,100,0,0,56,1,0,2,4,0,0
Sand 7,S,6100,03:30.70,6100,0,0,0,31,0,0,0,6,0,0
Sand 7,S,6800,03:37.53,6800,0,0,0,59,0,0,0,4,0,0
Sand 7,S,10300,03:52.89,9800,0,500,0,47,0,0,1,9,0,0
Sand 7,A,6100,03:55.20,6100,0,0,0,31,0,0,0,6,0,0
Sand 7,A,6100,04:00.44,6100,0,0,0,31,0,0,0,6,0,0
Sand 7,S,7400,04:04.35,7200,200,0,0,45,1,0,0,6,0,1
Sand 7,S,7700,04:30.27,7200,500,0,0,59,2,0,4,0,0,1
Sand 7,A,9200,05:52.40,8300,900,0,0,48,5,0,1,6,0,2
,,,,,,,,,,,,,,
Sand 8,S,3600,01:05.24,0,0,0,3600,0,0,0,0,0,0,0
Sand 8,D,300,01:05.76,0,0,0,300,0,0,0,0,0,0,0
Sand 8,B,1200,01:07.50,0,0,0,1200,0,0,0,0,0,0,0
Sand 8,S,2100,01:08.22,0,0,0,2100,0,0,0,0,0,0,0
Sand 8,S,7800,01:09.18,0,0,0,7800,0,0,0,0,0,0,0
Sand 8,S,5700,01:11.04,0,0,0,5700,0,0,0,0,0,0,0
Sand 8,S,4800,01:14.09,0,0,0,4800,0,0,0,0,0,0,0
Sand 8,S,3000,01:14.41,0,0,0,3000,0,0,0,0,0,0,0
Sand 8,S,2700,01:19.82,0,0,0,2700,0,0,0,0,0,0,0
Sand 8,S,3900,01:21.20,0,0,0,3900,0,0,0,0,0,0,0
,,,,,,,,,,,,,,
Palace 1,S,7700,04:00.91,6000,200,0,1500,18,1,0,0,0,2,1
Palace 1,S,9800,04:03.16,7800,0,500,1500,38,0,0,4,2,0,0
Palace 1,S,13600,04:36.01,11800,300,0,1500,53,2,0,2,2,2,1
Palace 1,S,10300,04:53.44,8600,200,0,1500,50,1,0,3,0,2,1
Palace 1,S,13100,04:54.03,11400,200,0,1500,49,1,1,1,2,2,1
Palace 1,S,10000,04:57.71,8400,100,0,1500,53,1,0,3,2,2,0
Palace 1,S,13800,05:05.02,11600,200,500,1500,36,1,0,2,1,3,1
Palace 1,S,10100,05:26.22,8400,200,0,1500,49,2,0,2,1,2,0
Palace 1,S,8600,05:48.56,6900,200,0,1500,69,1,0,0,0,0,1
Palace 1,S,12500,05:48.81,10800,200,0,1500,69,1,0,6,0,0,1
Palace 1,S,12300,06:08.04,10600,200,0,1500,69,1,0,3,3,0,1
Palace 1,D,2200,06:13.42,700,0,0,1500,7,0,0,0,0,0,0
Palace 1,S,15300,06:34.01,12900,400,500,1500,57,3,1,2,2,2,1
Palace 1,S,14100,06:55.08,12000,600,0,1500,69,3,0,5,0,1,3
Palace 1,S,15400,07:09.58,13200,700,0,1500,64,4,0,5,3,3,3
Palace 1,S,14200,07:54.38,11300,1400,0,1500,69,6,0,6,3,0,4
Palace 1,C,2900,09:21.71,1200,200,0,1500,12,1,0,0,0,0,1
,,,,,,,,,,,,,,
Palace 2,S,9500,01:28.75,8800,200,500,0,31,1,0,1,2,3,1
Palace 2,S,4900,01:48.03,4500,400,0,0,30,1,0,1,1,1,1
Palace 2,S,5900,01:52.72,5700,200,0,0,28,1,0,0,2,3,1
Palace 2,S,9700,01:53.56,9200,0,500,0,48,0,0,4,1,0,0
Palace 2,S,5600,01:59.18,5400,200,0,0,30,1,0,0,1,3,1
Palace 2,C,2100,02:09.98,2100,0,0,0,16,0,0,0,1,0,0
Palace 2,S,6800,02:16.27,6700,100,0,0,46,1,0,4,1,1,0
Palace 2,A,4100,02:17.64,3900,20,0,0,29,1,0,1,1,1,1
Palace 2,S,5600,02:21.05,5400,200,0,0,29,1,0,0,1,3,1
Palace 2,S,5400,02:23.23,5200,200,0,0,34,2,0,3,2,0,0
Palace 2,A,4400,02:27.00,4300,100,0,0,30,1,0,1,1,1,0
Palace 2,S,7700,02:32.24,7300,400,0,0,49,2,0,0,2,1,2
Palace 2,S,6700,02:37.82,6500,200,0,0,49,1,0,2,1,1,1
Palace 2,C,3300,02:43.10,3200,100,0,0,26,1,0,1,1,0,0
Palace 2,A,6000,02:50.94,5800,200,0,0,49,1,0,1,2,0,1
Palace 2,S,8300,02:56.27,7800,500,0,0,46,2,0,3,1,2,1
Palace 2,S,8400,02:59.55,8200,200,0,0,49,1,0,2,2,2,1
Palace 2,S,7300,03:01.76,7300,0,0,0,48,0,0,3,2,0,0
Palace 2,B,5600,03:29.79,5400,200,0,0,43,2,0,2,1,0,0
Palace 2,S,9000,03:39.39,7900,600,500,0,36,3,0,0,2,4,3
,,,,,,,,,,,,,,
Palace 3,S,6900,01:49.36,6400,0,500,0,37,0,0,3,0,0,0
Palace 3,A,2800,01:54.56,2800,0,0,0,17,0,0,1,2,0,0
Palace 3,S,5500,01:59.98,5500,0,0,0,37,0,0,3,0,0,0
Palace 3,S,5000,02:09.50,5000,0,0,0,33,0,0,4,1,0,0
Palace 3,S,5900,02:09.96,5500,400,0,0,37,2,0,3,1,0,2
Palace 3,S,7800,02:12.36,7300,0,500,0,37,0,0,5,0,0,0
Palace 3,S,4800,02:26.27,4600,200,0,0,28,1,0,2,3,0,1
Palace 3,S,5400,02:27.32,5200,200,0,0,37,1,0,2,0,0,1
Palace 3,S,4400,02:27.60,4400,0,0,0,36,0,0,1,2,0,0
Palace 3,S,4900,02:55.82,4700,200,0,0,37,1,0,3,0,0,1
Palace 3,S,6400,02:55.93,6100,300,0,0,36,2,0,4,1,0,1
,,,,,,,,,,,,,,
Palace 4,S,13900,03:54.65,13700,200,0,0,102,1,0,5,1,0,1
Palace 4,S,18200,03:55.76,18000,200,0,0,114,1,0,7,3,1,1
Palace 4,S,15100,03:56.16,14700,400,0,0,103,2,0,5,2,1,2
Palace 4,S,15300,03:56.35,15300,0,0,0,102,0,0,9,1,0,0
Palace 4,S,21400,04:08.40,20400,0,1000,0,116,0,0,10,1,0,0
Palace 4,S,27900,04:16.65,25000,400,2500,0,109,2,0,7,7,0,2
Palace 4,S,14700,04:27.50,14500,200,0,0,124,1,0,5,0,0,1
Palace 4,S,23500,04:37.60,22000,500,1000,0,110,3,0,8,6,0,2
Palace 4,S,16400,05:05.10,15800,600,0,0,106,3,0,6,2,0,3
Palace 4,S,31500,05:20.44,29000,500,2000,0,118,3,0,12,3,3,2
Palace 4,S,24500,06:18.91,22400,600,1500,0,116,3,0,9,1,0,3
,,,,,,,,,,,,,,
Palace 5,C,2900,03:58.54,2700,200,0,0,27,1,0,0,0,0,1
Palace 5,S,8900,04:42.20,8600,300,0,0,48,2,2,3,0,3,1
Palace 5,S,7500,05:34.89,6600,900,0,0,39,4,0,1,1,4,3
Palace 5,S,6700,05:35.42,6500,200,0,0,62,2,0,1,0,0,0
Palace 5,S,10000,06:06.25,9800,200,0,0,62,1,0,4,2,1,1
Palace 5,S,10200,06:25.24,9300,900,0,0,52,5,1,5,0,2,1
Palace 5,S,7100,06:28.43,6800,300,0,0,43,2,0,1,1,3,1
Palace 5,S,6800,06:28.64,6500,300,0,0,46,2,0,1,2,0,1
Palace 5,B,3700,06:31.47,3600,100,0,0,21,1,0,3,0,0,0
Palace 5,S,8100,06:44.24,7800,300,0,0,62,2,0,4,1,0,1
Palace 5,C,2300,06:45.10,2100,200,0,0,21,1,0,0,0,0,1
Palace 5,S,6600,06:48.99,6500,100,0,0,52,1,0,2,1,1,0
Palace 5,S,8200,06:51.26,8000,200,0,0,68,1,0,2,0,0,1
Palace 5,S,11000,08:03.68,10000,500,500,0,59,3,0,2,4,2,2
Palace 5,S,6500,08:11.80,6300,200,0,0,35,1,0,0,0,2,1
,,,,,,,,,,,,,,
Palace 6,S,4900,01:11.45,4400,0,500,0,14,0,0,3,0,0,0
Palace 6,S,3600,01:28.86,3600,0,0,0,24,0,0,3,0,0,0
Palace 6,S,5800,01:30.64,5800,0,0,0,25,0,0,5,0,0,0
Palace 6,S,4500,01:48.57,4300,200,0,0,27,1,0,3,0,0,1
Palace 6,S,4100,02:04.80,4100,0,0,0,29,0,0,3,0,0,0
Palace 6,C,1400,02:12.54,1400,0,0,0,10,0,0,0,1,0,0
Palace 6,S,8100,02:15.92,7900,200,0,0,38,1,1,4,0,0,1
Palace 6,S,5300,02:20.59,4900,400,0,0,38,2,0,3,0,0,2
Palace 6,S,4200,02:29.96,4200,0,0,0,30,0,0,3,0,0,0
Palace 6,S,4200,02:30.48,3200,1000,0,0,28,5,0,1,0,0,5
Palace 6,S,5300,02:46.57,4900,400,0,0,38,2,0,3,0,0,2
Palace 6,S,6100,02:49.39,5900,200,0,0,36,1,1,3,0,0,1
Palace 6,S,3700,02:50.19,3700,0,0,0,28,0,0,2,0,0,0
Palace 6,S,8100,03:03.66,8100,0,0,0,58,0,0,4,1,0,0
Palace 6,S,7300,03:11.58,7100,200,0,0,38,1,2,2,0,0,1
Palace 6,S,6100,04:01.12,6100,0,0,0,53,0,0,2,1,0,0
Palace 6,S,7100,04:01.42,7100,0,0,0,52,0,1,4,0,0,0
Palace 6,S,8300,04:22.52,8200,100,0,0,53,1,0,4,1,0,0
,,,,,,,,,,,,,,
Palace 7,A,8100,02:04.44,100,0,0,8000,1,0,0,0,0,0,0
Palace 7,S,12700,02:11.02,2900,0,0,9800,15,0,0,2,1,0,0
Palace 7,S,11900,02:12.01,2000,100,0,9800,16,1,0,1,0,0,0
Palace 7,S,11300,02:12.20,300,0,0,11000,3,0,0,0,0,0,0
Palace 7,S,13100,02:16.51,300,0,0,12800,3,0,0,0,0,0,0
Palace 7,S,12300,02:21.28,700,0,0,11600,7,0,0,0,0,0,0
Palace 7,S,11700,02:21.55,300,0,0,11400,3,0,0,0,0,0,0
Palace 7,A,11000,02:50.16,1000,0,0,10000,10,0,0,0,0,0,0
Palace 7,B,10900,02:59.40,1300,0,0,9600,9,0,0,0,1,0,0
Palace 7,S,13800,03:04.20,1800,0,0,12000,15,0,0,1,0,0,0
Palace 7,S,12700,03:07.82,2300,0,0,10400,17,0,0,1,0,0,0
Palace 7,S,13600,03:14.20,2800,0,0,10800,19,0,0,2,0,0,0
Palace 7,S,13100,03:15.63,2100,0,0,11000,17,0,0,1,0,0,0
,,,,,,,,,,,,,,
Palace 8,S,15600,03:11.87,15600,0,0,0,99,0,0,2,6,0,0
Palace 8,S,12500,03:14.68,12300,200,0,0,100,1,0,3,3,0,1
Palace 8,S,20100,03:30.14,20100,0,0,0,144,0,0,8,0,0,0
Palace 8,S,20000,03:41.44,20000,0,0,0,123,0,0,11,1,0,0
Palace 8,S,18900,03:49.55,18900,0,0,0,102,0,1,7,7,0,0
Palace 8,S,18200,03:49.82,18000,200,0,0,105,1,2,5,4,0,1
Palace 8,S,19800,03:58.20,18800,0,1000,0,118,0,0,5,7,0,0
Palace 8,S,17200,04:01.71,17200,0,0,0,104,0,1,5,8,0,0
Palace 8,S,23600,04:26.88,22000,600,1000,0,108,2,1,6,6,3,2
Palace 8,S,24800,04:43.39,24300,0,500,0,144,0,0,9,7,0,0
Palace 8,S,21400,04:46.17,20500,900,0,0,117,4,0,11,5,0,3
Palace 8,S,19600,05:01.52,18900,200,500,0,106,1,0,8,6,0,1
Palace 8,C,8200,05:36.57,8200,0,0,0,46,0,0,2,4,0,0
Palace 8,S,18700,06:42.28,18600,100,0,0,132,1,0,5,6,0,0